,Genus,Species,Sample ID,Species Code,Site,River,Basin,Lat,Long,Date Collected,Length (mm),Status Upon Collection,Final Age,Age dif,L age,B age,K&M Age,M age
0,Amblema,plicata,5,D,"Gonzales, TX",Guadalupe,Guadalupe,29.493646°,-97.431293°,2019-09-24,77.0,Alive,14.0,,14.0,14.0,14,12.0
1,Amblema,plicata,6,D,"Gonzales, TX",Guadalupe,Guadalupe,29.493646°,-97.431293°,2019-09-24,79.0,Alive,10.0,1.0,10.0,11.0,15,10.0
2,Amblema,plicata,7,D,"Gonzales, TX",Guadalupe,Guadalupe,29.493646°,-97.431293°,2019-09-24,82.5,Alive,14.0,1.0,14.0,13.0,15,11.0
3,Amblema,plicata,8,D,"Gonzales, TX",Guadalupe,Guadalupe,29.493646°,-97.431293°,2019-09-24,75.5,Alive,7.0,2.0,9.0,7.0,12,9.0
4,Amblema,plicata,9,D,"Gonzales, TX",Guadalupe,Guadalupe,29.493646°,-97.431293°,2019-09-24,78.5,Alive,10.0,1.0,11.0,10.0,11,11.0
5,Amblema,plicata,10,D,"Gonzales, TX",Guadalupe,Guadalupe,29.493646°,-97.431293°,2019-09-24,69.0,Alive,10.0,1.0,10.0,9.0,11,11.0
6,Amblema,plicata,11,D,"Gonzales, TX",Guadalupe,Guadalupe,29.493646°,-97.431293°,2019-09-24,81.0,Alive,18.0,4.0,17.0,13.0,18,13.0
7,Amblema,plicata,12,D,"Gonzales, TX",Guadalupe,Guadalupe,29.493646°,-97.431293°,2019-09-24,75.5,Alive,14.0,2.0,15.0,13.0,15,15.0
8,Amblema,plicata,13,D,"Gonzales, TX",Guadalupe,Guadalupe,29.493646°,-97.431293°,2019-09-24,77.0,Alive,11.0,2.0,10.0,12.0,13,13.0
9,Amblema,plicata,14,D,"Gonzales, TX",Guadalupe,Guadalupe,29.493646°,-97.431293°,2019-09-24,70.0,Alive,14.0,,14.0,14.0,15,11.0
10,Amblema,plicata,15,D,"Gonzales, TX",Guadalupe,Guadalupe,29.493646°,-97.431293°,2019-09-24,69.0,Alive,12.0,,12.0,12.0,12,12.0
11,Amblema,plicata,16,D,"Gonzales, TX",Guadalupe,Guadalupe,29.493646°,-97.431293°,2019-09-24,72.0,Alive,14.0,1.0,14.0,13.0,14,14.0
12,Amblema,plicata,17,D,"Gonzales, TX",Guadalupe,Guadalupe,29.493646°,-97.431293°,2019-09-24,69.0,Alive,13.0,,13.0,13.0,13,13.0
13,Amblema,plicata,18,D,"Gonzales, TX",Guadalupe,Guadalupe,29.493646°,-97.431293°,2019-09-24,84.0,Alive,12.0,1.0,14.0,13.0,15,11.0
14,Amblema,plicata,19,D,"Gonzales, TX",Guadalupe,Guadalupe,29.493646°,-97.431293°,2019-09-24,72.0,Alive,11.0,,11.0,11.0,11,10.0
15,Amblema,plicata,20,D,"Gonzales, TX",Guadalupe,Guadalupe,29.493646°,-97.431293°,2019-09-24,70.0,Alive,9.0,1.0,10.0,9.0,11,9.0
16,Amblema,plicata,21,D,"Gonzales, TX",Guadalupe,Guadalupe,29.493646°,-97.431293°,2019-09-24,81.0,Alive,9.0,3.0,10.0,7.0,21,12.0
17,Amblema,plicata,22,D,"Gonzales, TX",Guadalupe,Guadalupe,29.493646°,-97.431293°,2019-09-24,79.0,Alive,15.0,1.0,16.0,15.0,16,13.0
18,Amblema,plicata,23,D,"Gonzales, TX",Guadalupe,Guadalupe,29.493646°,-97.431293°,2019-09-24,91.0,Alive,13.0,,13.0,13.0,15,13.0
19,Amblema,plicata,24,D,"Gonzales, TX",Guadalupe,Guadalupe,29.493646°,-97.431293°,2019-09-24,86.0,Alive,15.0,,15.0,15.0,16,15.0
20,Amblema,plicata,25,D,"Gonzales, TX",Guadalupe,Guadalupe,29.493646°,-97.431293°,2019-09-24,86.0,Alive,14.0,,14.0,14.0,14,13.0
21,Amblema,plicata,26,D,"Gonzales, TX",Guadalupe,Guadalupe,29.493646°,-97.431293°,2019-09-24,81.0,Alive,16.0,1.0,17.0,16.0,18,12.0
22,Amblema,plicata,27,D,"Gonzales, TX",Guadalupe,Guadalupe,29.493646°,-97.431293°,2019-09-24,79.0,Alive,16.0,1.0,16.0,15.0,16,14.0
23,Amblema,plicata,28,D,"Gonzales, TX",Guadalupe,Guadalupe,29.493646°,-97.431293°,2019-09-24,76.0,Alive,12.0,,12.0,12.0,13,13.0
24,Amblema,plicata,29,D,"Gonzales, TX",Guadalupe,Guadalupe,29.493646°,-97.431293°,2019-09-24,76.0,Alive,13.0,1.0,14.0,13.0,14,11.0
25,Amblema,plicata,31,D,"Gonzales, TX",Guadalupe,Guadalupe,29.493646°,-97.431293°,2019-09-24,70.0,Alive,9.0,1.0,9.0,10.0,14,14.0
26,Amblema,plicata,32,D,"Gonzales, TX",Guadalupe,Guadalupe,29.493646°,-97.431293°,2019-09-24,82.0,Alive,15.0,,15.0,15.0,16,14.0
27,Amblema,plicata,34,D,"Gonzales, TX",Guadalupe,Guadalupe,29.493646°,-97.431293°,2019-09-24,76.0,Alive,11.0,3.0,11.0,8.0,13,13.0
28,Amblema,plicata,35,D,"Gonzales, TX",Guadalupe,Guadalupe,29.493646°,-97.431293°,2019-09-24,78.0,Alive,12.0,,12.0,12.0,14,14.0
29,Amblema,plicata,36,D,"Gonzales, TX",Guadalupe,Guadalupe,29.493646°,-97.431293°,2019-09-24,81.0,Alive,16.0,1.0,17.0,16.0,17,11.0
30,Amblema,plicata,37,D,"Gonzales, TX",Guadalupe,Guadalupe,29.493646°,-97.431293°,2019-09-24,85.0,Alive,11.0,1.0,12.0,11.0,16,16.0
31,Amblema,plicata,39,D,"Gonzales, TX",Guadalupe,Guadalupe,29.493646°,-97.431293°,2019-09-24,87.0,Alive,12.0,,12.0,12.0,22,15.0
32,Amblema,plicata,40,D,"Gonzales, TX",Guadalupe,Guadalupe,29.493646°,-97.431293°,2019-09-24,72.0,Alive,14.0,,14.0,14.0,15,15.0
33,Amblema,plicata,41,D,"Gonzales, TX",Guadalupe,Guadalupe,29.493646°,-97.431293°,2019-09-24,79.0,Alive,13.0,1.0,14.0,13.0,16,14.0
34,Amblema,plicata,42,D,"Gonzales, TX",Guadalupe,Guadalupe,29.493646°,-97.431293°,2019-09-24,72.0,Alive,14.0,1.0,13.0,12.0,13,13.0
35,Amblema,plicata,43,D,"Gonzales, TX",Guadalupe,Guadalupe,29.493646°,-97.431293°,2019-09-24,79.0,Alive,9.0,1.0,10.0,9.0,17,14.0
36,Amblema,plicata,44,D,"Gonzales, TX",Guadalupe,Guadalupe,29.493646°,-97.431293°,2019-09-24,78.0,Alive,16.0,,16.0,16.0,18,18.0
37,Amblema,plicata,45,D,"Gonzales, TX",Guadalupe,Guadalupe,29.493646°,-97.431293°,2019-09-24,77.0,Alive,15.0,2.0,15.0,17.0,17,17.0
38,Amblema,plicata,46,D,"Gonzales, TX",Guadalupe,Guadalupe,29.493646°,-97.431293°,2019-09-24,78.0,Alive,16.0,1.0,15.0,16.0,15,15.0
39,Amblema,plicata,47,D,"Gonzales, TX",Guadalupe,Guadalupe,29.493646°,-97.431293°,2019-09-24,77.0,Alive,10.0,3.0,12.0,15.0,14,14.0
40,Amblema,plicata,48,D,"Gonzales, TX",Guadalupe,Guadalupe,29.493646°,-97.431293°,2019-09-24,37.0,Alive,5.0,,5.0,5.0,5,4.0
41,Amblema,plicata,49,D,"Gonzales, TX",Guadalupe,Guadalupe,29.493646°,-97.431293°,2019-09-24,66.0,Alive,10.0,1.0,11.0,10.0,14,14.0
42,Amblema,plicata,50,D,"Gonzales, TX",Guadalupe,Guadalupe,29.493646°,-97.431293°,2019-09-24,67.0,Alive,14.0,,14.0,14.0,15,15.0
43,Amblema,plicata,51,D,"Gonzales, TX",Guadalupe,Guadalupe,29.493646°,-97.431293°,2019-09-24,75.0,Alive,12.0,2.0,12.0,10.0,13,13.0
44,Amblema,plicata,52,D,"Gonzales, TX",Guadalupe,Guadalupe,29.493646°,-97.431293°,2019-09-24,77.0,Alive,13.0,,13.0,13.0,15,15.0
45,Amblema,plicata,53,D,"Gonzales, TX",Guadalupe,Guadalupe,29.493646°,-97.431293°,2019-09-24,74.0,Alive,14.0,2.0,15.0,13.0,14,14.0
46,Amblema,plicata,54,D,"Gonzales, TX",Guadalupe,Guadalupe,29.493646°,-97.431293°,2019-09-24,73.0,Alive,13.0,2.0,12.0,14.0,15,15.0
48,Amblema,plicata,59,D,"Gonzales, TX",Guadalupe,Guadalupe,29.493646°,-97.431293°,2019-09-24,67.0,Alive,13.0,4.0,14.0,10.0,15,17.0
49,Amblema,plicata,60,D,"Gonzales, TX",Guadalupe,Guadalupe,29.493646°,-97.431293°,2019-09-24,64.0,Alive,11.0,,11.0,11.0,15,15.0
50,Amblema,plicata,61,D,"Gonzales, TX",Guadalupe,Guadalupe,29.493646°,-97.431293°,2019-09-24,84.0,Alive,16.0,1.0,15.0,16.0,15,15.0
51,Amblema,plicata,62,D,"Gonzales, TX",Guadalupe,Guadalupe,29.493646°,-97.431293°,2019-09-24,70.0,Alive,14.0,1.0,14.0,15.0,15,14.0
52,Amblema,plicata,63,D,"Gonzales, TX",Guadalupe,Guadalupe,29.493646°,-97.431293°,2019-09-24,79.0,Alive,14.0,,14.0,14.0,16,14.0
53,Amblema,plicata,64,D,"Gonzales, TX",Guadalupe,Guadalupe,29.493646°,-97.431293°,2019-09-24,68.0,Alive,10.0,,10.0,10.0,11,11.0
54,Amblema,plicata,65,D,"Gonzales, TX",Guadalupe,Guadalupe,29.493646°,-97.431293°,2019-09-24,69.0,Alive,9.0,,9.0,9.0,11,11.0
55,Amblema,plicata,66,D,"Gonzales, TX",Guadalupe,Guadalupe,29.493646°,-97.431293°,2019-09-24,73.0,Alive,11.0,1.0,10.0,11.0,13,13.0
56,Amblema,plicata,67,D,"Gonzales, TX",Guadalupe,Guadalupe,29.493646°,-97.431293°,2019-09-24,74.0,Alive,8.0,4.0,8.0,12.0,13,13.0
57,Amblema,plicata,68,D,"Gonzales, TX",Guadalupe,Guadalupe,29.493646°,-97.431293°,2019-09-24,74.0,Alive,12.0,,12.0,12.0,15,15.0
58,Amblema,plicata,69,D,"Gonzales, TX",Guadalupe,Guadalupe,29.493646°,-97.431293°,2019-09-24,75.0,Alive,15.0,,15.0,15.0,14,14.0
59,Amblema,plicata,70,D,"Gonzales, TX",Guadalupe,Guadalupe,29.493646°,-97.431293°,2019-09-24,70.0,Alive,14.0,1.0,14.0,13.0,14,14.0
60,Amblema,plicata,71,D,"Victoria, TX",Guadalupe,Guadalupe,28.832985°,-97.064802°,2019-09-04,82.0,Alive,10.0,,10.0,10.0,15,15.0
61,Amblema,plicata,72,D,"Victoria, TX",Guadalupe,Guadalupe,28.832985°,-97.064802°,2019-09-04,94.0,Alive,14.0,1.0,14.0,13.0,14,14.0
62,Amblema,plicata,73,D,"Victoria, TX",Guadalupe,Guadalupe,28.832985°,-97.064802°,2019-09-04,91.0,Alive,11.0,1.0,12.0,11.0,16,12.0
63,Amblema,plicata,74,D,"Victoria, TX",Guadalupe,Guadalupe,28.832985°,-97.064802°,2019-09-04,93.0,Alive,13.0,,13.0,13.0,17,17.0
64,Amblema,plicata,75,D,"Victoria, TX",Guadalupe,Guadalupe,28.832985°,-97.064802°,2019-09-04,100.0,Alive,15.0,1.0,15.0,16.0,16,16.0
65,Amblema,plicata,76,D,"Victoria, TX",Guadalupe,Guadalupe,28.832985°,-97.064802°,2019-09-04,92.0,Alive,16.0,2.0,16.0,18.0,15,15.0
66,Amblema,plicata,77,D,"Victoria, TX",Guadalupe,Guadalupe,28.832985°,-97.064802°,2019-09-04,102.0,Alive,16.0,1.0,16.0,17.0,13,13.0
67,Amblema,plicata,78,D,"Victoria, TX",Guadalupe,Guadalupe,28.832985°,-97.064802°,2019-09-04,90.0,Alive,11.0,1.0,12.0,11.0,23,19.0
68,Amblema,plicata,79,D,"Victoria, TX",Guadalupe,Guadalupe,28.832985°,-97.064802°,2019-09-04,104.0,Alive,17.0,,17.0,17.0,16,16.0
69,Amblema,plicata,80,D,"Victoria, TX",Guadalupe,Guadalupe,28.832985°,-97.064802°,2019-09-04,98.0,Alive,15.0,,15.0,15.0,17,17.0
70,Amblema,plicata,81,D,"Victoria, TX",Guadalupe,Guadalupe,28.832985°,-97.064802°,2019-09-04,100.0,Alive,15.0,2.0,15.0,17.0,15,15.0
71,Amblema,plicata,82,D,"Victoria, TX",Guadalupe,Guadalupe,28.832985°,-97.064802°,2019-09-04,98.0,Alive,18.0,,18.0,18.0,18,18.0
72,Amblema,plicata,83,D,"Victoria, TX",Guadalupe,Guadalupe,28.832985°,-97.064802°,2019-09-04,101.0,Alive,11.0,1.0,12.0,11.0,18,18.0
73,Amblema,plicata,84,D,"Victoria, TX",Guadalupe,Guadalupe,28.832985°,-97.064802°,2019-09-04,82.0,Alive,16.0,1.0,17.0,16.0,17,17.0
74,Amblema,plicata,85,D,"Victoria, TX",Guadalupe,Guadalupe,28.832985°,-97.064802°,2019-09-04,102.0,Alive,10.0,3.0,11.0,14.0,14,14.0
75,Amblema,plicata,86,D,"Victoria, TX",Guadalupe,Guadalupe,28.832985°,-97.064802°,2019-09-04,96.0,Alive,14.0,2.0,13.0,15.0,14,14.0
76,Amblema,plicata,87,D,"Victoria, TX",Guadalupe,Guadalupe,28.832985°,-97.064802°,2019-09-04,109.0,Alive,19.0,1.0,20.0,19.0,18,18.0
77,Amblema,plicata,88,D,"Victoria, TX",Guadalupe,Guadalupe,28.832985°,-97.064802°,2019-09-04,100.0,Alive,18.0,,18.0,18.0,17,17.0
78,Amblema,plicata,89,D,"Victoria, TX",Guadalupe,Guadalupe,28.832985°,-97.064802°,2019-09-04,100.0,Alive,12.0,2.0,14.0,12.0,16,16.0
79,Amblema,plicata,90,D,"Victoria, TX",Guadalupe,Guadalupe,28.832985°,-97.064802°,2019-09-04,97.0,Alive,17.0,,17.0,17.0,17,17.0
80,Amblema,plicata,91,D,"Altair, TX",Colorado,Colorado,29.595299°,-96.453229°,2019-10-03,112.0,Alive,14.0,1.0,14.0,15.0,15,15.0
81,Amblema,plicata,92,D,"Altair, TX",Colorado,Colorado,29.595299°,-96.453229°,2019-10-03,109.0,Alive,10.0,1.0,11.0,10.0,17,17.0
82,Amblema,plicata,93,D,"Altair, TX",Colorado,Colorado,29.595299°,-96.453229°,2019-10-03,123.0,Alive,16.0,1.0,16.0,17.0,17,17.0
83,Amblema,plicata,94,D,"Altair, TX",Colorado,Colorado,29.595299°,-96.453229°,2019-10-03,103.0,Alive,11.0,2.0,10.0,12.0,20,20.0
84,Amblema,plicata,113,D,"Gonzales, TX",Guadalupe,Guadalupe,29.493646°,-97.431293°,2019-09-24,75.0,Alive,14.0,1.0,14.0,15.0,16,16.0
85,Amblema,plicata,114,D,"Gonzales, TX",Guadalupe,Guadalupe,29.493646°,-97.431293°,2019-09-24,69.0,Alive,15.0,1.0,15.0,16.0,17,17.0
86,Amblema,plicata,115,D,"Gonzales, TX",Guadalupe,Guadalupe,29.493646°,-97.431293°,2019-09-24,71.0,Alive,14.0,,14.0,14.0,15,15.0
87,Amblema,plicata,116,D,"Gonzales, TX",Guadalupe,Guadalupe,29.493646°,-97.431293°,2019-09-24,73.0,Alive,12.0,,12.0,12.0,14,14.0
88,Amblema,plicata,117,D,"Gonzales, TX",Guadalupe,Guadalupe,29.493646°,-97.431293°,2019-09-24,47.0,Alive,9.0,1.0,8.0,9.0,7,9.0
90,Amblema,plicata,119,D,"Gonzales, TX",Guadalupe,Guadalupe,29.493646°,-97.431293°,2019-09-24,101.0,Alive,3.0,,3.0,3.0,3,3.0
91,Amblema,plicata,120,D,"Gonzales, TX",Guadalupe,Guadalupe,29.493646°,-97.431293°,2019-09-24,97.0,Alive,19.0,1.0,19.0,20.0,20,24.0
92,Amblema,plicata,121,D,"Gonzales, TX",Guadalupe,Guadalupe,29.493646°,-97.431293°,2019-09-24,69.0,Alive,17.0,,17.0,17.0,16,16.0
93,Amblema,plicata,122,D,"Gonzales, TX",Guadalupe,Guadalupe,29.493646°,-97.431293°,2019-09-24,72.0,Alive,15.0,1.0,15.0,16.0,16,16.0
95,Amblema,plicata,124,D,"Gonzales, TX",Guadalupe,Guadalupe,29.493646°,-97.431293°,2019-09-24,78.0,Alive,18.0,1.0,17.0,18.0,15,15.0
96,Amblema,plicata,125,D,"Gonzales, TX",Guadalupe,Guadalupe,29.493646°,-97.431293°,2019-09-24,72.0,Alive,16.0,,16.0,16.0,16,16.0
97,Amblema,plicata,126,D,"Gonzales, TX",Guadalupe,Guadalupe,29.493646°,-97.431293°,2019-09-24,73.0,Alive,11.0,1.0,11.0,10.0,15,15.0
98,Amblema,plicata,127,D,"Gonzales, TX",Guadalupe,Guadalupe,29.493646°,-97.431293°,2019-09-24,76.0,Alive,14.0,,14.0,14.0,13,13.0
99,Amblema,plicata,128,D,"Gonzales, TX",Guadalupe,Guadalupe,29.493646°,-97.431293°,2019-09-24,84.0,Alive,15.0,1.0,15.0,16.0,17,17.0
100,Amblema,plicata,129,D,"Gonzales, TX",Guadalupe,Guadalupe,29.493646°,-97.431293°,2019-09-24,83.0,Alive,17.0,1.0,18.0,17.0,19,19.0
101,Amblema,plicata,130,D,"Gonzales, TX",Guadalupe,Guadalupe,29.493646°,-97.431293°,2019-09-24,44.0,Alive,9.0,,9.0,9.0,7,7.0
102,Amblema,plicata,131,D,"Gonzales, TX",Guadalupe,Guadalupe,29.493646°,-97.431293°,2019-09-24,72.0,Alive,13.0,1.0,14.0,15.0,16,16.0
103,Amblema,plicata,132,D,"Gonzales, TX",Guadalupe,Guadalupe,29.493646°,-97.431293°,2019-09-24,72.0,Alive,14.0,1.0,11.0,12.0,17,17.0
104,Amblema,plicata,133,D,"Gonzales, TX",Guadalupe,Guadalupe,29.493646°,-97.431293°,2019-09-24,79.0,Alive,16.0,1.0,16.0,17.0,16,20.0
105,Amblema,plicata,134,D,"Gonzales, TX",Guadalupe,Guadalupe,29.493646°,-97.431293°,2019-09-24,69.0,Alive,11.0,,11.0,11.0,18,18.0
106,Amblema,plicata,135,D,"Gonzales, TX",Guadalupe,Guadalupe,29.493646°,-97.431293°,2019-09-24,65.0,Alive,13.0,,13.0,13.0,15,15.0
107,Amblema,plicata,136,D,"Gonzales, TX",Guadalupe,Guadalupe,29.493646°,-97.431293°,2019-09-24,59.0,Alive,13.0,1.0,13.0,14.0,13,14.0
108,Amblema,plicata,137,D,"Gonzales, TX",Guadalupe,Guadalupe,29.493646°,-97.431293°,2019-09-24,56.0,Alive,11.0,1.0,12.0,11.0,11,16.0
109,Amblema,plicata,138,D,"Gonzales, TX",Guadalupe,Guadalupe,29.493646°,-97.431293°,2019-09-24,25.0,Alive,6.0,1.0,5.0,6.0,5,6.0
110,Amblema,plicata,139,D,"Gonzales, TX",Guadalupe,Guadalupe,29.493646°,-97.431293°,2019-09-24,19.0,Alive,4.0,1.0,4.0,3.0,3,4.0
111,Amblema,plicata,140,D,"Gonzales, TX",Guadalupe,Guadalupe,29.493646°,-97.431293°,2019-09-24,16.0,Alive,3.0,,3.0,3.0,2,4.0
112,Amblema,plicata,141,D,"Gonzales, TX",Guadalupe,Guadalupe,29.493646°,-97.431293°,2019-09-24,19.0,Alive,3.0,,3.0,3.0,3,3.0
113,Amblema,plicata,142,D,"Victoria, TX",Guadalupe,Guadalupe,29.493646°,-97.431293°,2019-09-04,77.0,Alive,3.0,,3.0,3.0,15,3.0
114,Amblema,plicata,144,D,"Victoria, TX",Guadalupe,Guadalupe,28.832985°,-97.064802°,2019-09-04,100.0,Alive,16.0,,16.0,16.0,15,15.0
115,Amblema,plicata,146,D,"Victoria, TX",Guadalupe,Guadalupe,28.832985°,-97.064802°,2019-09-04,96.0,Alive,16.0,,16.0,16.0,16,16.0
116,Amblema,plicata,147,D,"Victoria, TX",Guadalupe,Guadalupe,28.832985°,-97.064802°,2019-09-04,99.0,Alive,17.0,,17.0,17.0,17,17.0
117,Amblema,plicata,148,D,"Victoria, TX",Guadalupe,Guadalupe,28.832985°,-97.064802°,2019-09-04,93.0,Alive,20.0,,20.0,20.0,21,21.0
118,Amblema,plicata,149,D,"Victoria, TX",Guadalupe,Guadalupe,28.832985°,-97.064802°,2019-09-04,93.0,Alive,13.0,1.0,13.0,12.0,14,14.0
119,Amblema,plicata,150,D,"Victoria, TX",Guadalupe,Guadalupe,28.832985°,-97.064802°,2019-09-04,93.0,Alive,14.0,,14.0,14.0,15,15.0
120,Amblema,plicata,151,D,"Victoria, TX",Guadalupe,Guadalupe,28.832985°,-97.064802°,2019-09-04,94.0,Alive,16.0,,16.0,16.0,17,17.0
121,Amblema,plicata,152,D,"Victoria, TX",Guadalupe,Guadalupe,28.832985°,-97.064802°,2019-09-04,96.0,Alive,13.0,1.0,13.0,14.0,17,17.0
122,Amblema,plicata,153,D,"Victoria, TX",Guadalupe,Guadalupe,28.832985°,-97.064802°,2019-09-04,111.0,Alive,20.0,1.0,20.0,21.0,21,21.0
123,Amblema,plicata,154,D,"Victoria, TX",Guadalupe,Guadalupe,28.832985°,-97.064802°,2019-09-04,112.0,Alive,20.0,1.0,20.0,19.0,20,20.0
124,Amblema,plicata,155,D,"Victoria, TX",Guadalupe,Guadalupe,28.832985°,-97.064802°,2019-09-04,98.0,Alive,15.0,1.0,15.0,16.0,15,15.0
125,Amblema,plicata,156,D,"Victoria, TX",Guadalupe,Guadalupe,28.832985°,-97.064802°,2019-09-04,109.0,Alive,15.0,1.0,16.0,15.0,14,14.0
126,Amblema,plicata,157,D,"Victoria, TX",Guadalupe,Guadalupe,28.832985°,-97.064802°,2019-09-04,112.0,Alive,17.0,,17.0,17.0,17,17.0
127,Amblema,plicata,158,D,"Victoria, TX",Guadalupe,Guadalupe,28.832985°,-97.064802°,2019-09-04,94.0,Alive,16.0,2.0,16.0,18.0,16,18.0
128,Amblema,plicata,159,D,"Victoria, TX",Guadalupe,Guadalupe,28.832985°,-97.064802°,2019-09-04,95.0,Alive,13.0,1.0,14.0,13.0,17,17.0
129,Amblema,plicata,160,D,"Victoria, TX",Guadalupe,Guadalupe,28.832985°,-97.064802°,2019-09-04,100.0,Alive,16.0,,16.0,16.0,16,16.0
130,Amblema,plicata,161,D,"Victoria, TX",Guadalupe,Guadalupe,28.832985°,-97.064802°,2019-09-04,108.0,Alive,21.0,2.0,20.0,22.0,22,22.0
131,Amblema,plicata,162,D,"Victoria, TX",Guadalupe,Guadalupe,28.832985°,-97.064802°,2019-09-04,93.0,Alive,17.0,2.0,16.0,18.0,16,16.0
132,Amblema,plicata,163,D,"Victoria, TX",Guadalupe,Guadalupe,28.832985°,-97.064802°,2019-09-04,99.0,Alive,13.0,1.0,13.0,12.0,18,18.0
133,Amblema,plicata,164,D,"Victoria, TX",Guadalupe,Guadalupe,28.832985°,-97.064802°,2019-09-04,106.0,Alive,13.0,,13.0,13.0,13,13.0
134,Amblema,plicata,165,D,"Victoria, TX",Guadalupe,Guadalupe,28.832985°,-97.064802°,2019-09-04,101.0,Alive,20.0,,20.0,20.0,19,19.0
135,Amblema,plicata,166,D,"Victoria, TX",Guadalupe,Guadalupe,28.832985°,-97.064802°,2019-09-04,99.0,Alive,11.0,1.0,12.0,11.0,19,19.0
136,Amblema,plicata,167,D,"Victoria, TX",Guadalupe,Guadalupe,28.832985°,-97.064802°,2019-09-04,80.0,Alive,12.0,1.0,12.0,13.0,18,17.0
137,Amblema,plicata,168,D,"Victoria, TX",Guadalupe,Guadalupe,28.832985°,-97.064802°,2019-09-04,107.0,Alive,14.0,2.0,14.0,16.0,15,15.0
138,Amblema,plicata,169,D,"Victoria, TX",Guadalupe,Guadalupe,28.832985°,-97.064802°,2019-09-04,101.0,Alive,16.0,1.0,17.0,16.0,17,17.0
139,Amblema,plicata,170,D,"Victoria, TX",Guadalupe,Guadalupe,28.832985°,-97.064802°,2019-09-04,95.0,Alive,13.0,1.0,13.0,14.0,17,17.0
140,Amblema,plicata,171,D,"Victoria, TX",Guadalupe,Guadalupe,28.832985°,-97.064802°,2019-09-04,88.0,Alive,17.0,1.0,17.0,18.0,19,19.0
141,Amblema,plicata,172,D,"Victoria, TX",Guadalupe,Guadalupe,28.832985°,-97.064802°,2019-09-04,113.0,Alive,18.0,1.0,17.0,18.0,19,19.0
142,Amblema,plicata,173,D,"Victoria, TX",Guadalupe,Guadalupe,28.832985°,-97.064802°,2019-09-04,108.0,Alive,22.0,,22.0,22.0,23,23.0
143,Amblema,plicata,174,D,"Victoria, TX",Guadalupe,Guadalupe,28.832985°,-97.064802°,2019-09-04,85.0,Alive,13.0,3.0,13.0,16.0,20,20.0
144,Amblema,plicata,175,D,"Victoria, TX",Guadalupe,Guadalupe,28.832985°,-97.064802°,2019-09-04,87.0,Alive,12.0,1.0,12.0,13.0,22,14.0
145,Amblema,plicata,176,D,"Victoria, TX",Guadalupe,Guadalupe,28.832985°,-97.064802°,2019-09-04,90.0,Alive,16.0,,16.0,16.0,22,15.0
146,Amblema,plicata,177,D,"Victoria, TX",Guadalupe,Guadalupe,28.832985°,-97.064802°,2019-09-04,104.0,Alive,15.0,,15.0,15.0,17,17.0
147,Amblema,plicata,178,D,"Victoria, TX",Guadalupe,Guadalupe,28.832985°,-97.064802°,2019-09-04,82.0,Alive,16.0,,16.0,16.0,18,18.0
148,Amblema,plicata,179,D,"Victoria, TX",Guadalupe,Guadalupe,28.832985°,-97.064802°,2019-09-04,96.0,Alive,14.0,2.0,14.0,16.0,17,17.0
149,Amblema,plicata,180,D,"Victoria, TX",Guadalupe,Guadalupe,28.832985°,-97.064802°,2019-09-04,100.0,Alive,16.0,,16.0,16.0,17,17.0
150,Amblema,plicata,181,D,"Victoria, TX",Guadalupe,Guadalupe,28.832985°,-97.064802°,2019-09-04,93.0,Alive,14.0,,14.0,14.0,20,20.0
151,Amblema,plicata,182,D,"Victoria, TX",Guadalupe,Guadalupe,28.832985°,-97.064802°,2019-09-04,115.0,Alive,15.0,2.0,16.0,14.0,22,19.0
152,Amblema,plicata,183,D,"Victoria, TX",Guadalupe,Guadalupe,28.832985°,-97.064802°,2019-09-04,90.0,Alive,20.0,,20.0,20.0,21,21.0
153,Amblema,plicata,184,D,"Victoria, TX",Guadalupe,Guadalupe,28.832985°,-97.064802°,2019-09-04,86.0,Alive,16.0,1.0,15.0,16.0,20,20.0
154,Amblema,plicata,185,D,"Victoria, TX",Guadalupe,Guadalupe,28.832985°,-97.064802°,2019-09-04,79.0,Alive,15.0,1.0,15.0,16.0,17,15.0
155,Amblema,plicata,187,D,"Victoria, TX",Guadalupe,Guadalupe,28.832985°,-97.064802°,2019-09-04,95.0,Alive,18.0,1.0,18.0,19.0,19,19.0
156,Amblema,plicata,188,D,"Victoria, TX",Guadalupe,Guadalupe,28.832985°,-97.064802°,2019-09-04,95.0,Alive,4.0,1.0,22.0,21.0,21,21.0
157,Amblema,plicata,189,D,"Victoria, TX",Guadalupe,Guadalupe,28.832985°,-97.064802°,2019-09-04,23.0,Alive,4.0,,4.0,4.0,4,5.0
158,Amblema,plicata,190,D,"Victoria, TX",Guadalupe,Guadalupe,28.832985°,-97.064802°,2019-09-04,22.0,Alive,4.0,,4.0,4.0,3,6.0
159,Amblema,plicata,191,D,"Victoria, TX",Guadalupe,Guadalupe,28.832985°,-97.064802°,2019-09-04,23.0,Alive,4.0,,4.0,4.0,4,5.0
160,Amblema,plicata,192,D,"Victoria, TX",Guadalupe,Guadalupe,28.832985°,-97.064802°,2019-09-04,23.0,Alive,5.0,1.0,5.0,4.0,4,5.0
161,Amblema,plicata,193,D,"Victoria, TX",Guadalupe,Guadalupe,28.832985°,-97.064802°,2019-09-04,15.0,Alive,4.0,,4.0,4.0,2,7.0
162,Amblema,plicata,194,D,"Victoria, TX",Guadalupe,Guadalupe,28.832985°,-97.064802°,2019-09-04,19.0,Alive,3.0,,3.0,3.0,3,3.0
163,Amblema,plicata,195,D,"Victoria, TX",Guadalupe,Guadalupe,28.832985°,-97.064802°,2019-09-04,18.0,Alive,3.0,,3.0,3.0,3,4.0
164,Amblema,plicata,196,D,"Victoria, TX",Guadalupe,Guadalupe,28.832985°,-97.064802°,2019-09-04,105.0,Alive,3.0,1.0,3.0,2.0,2,3.0
165,Amblema,plicata,197,D,"Altair, TX",Colorado,Colorado,29.595299°,-96.453229°,2019-10-03,100.0,Alive,19.0,,19.0,19.0,22,22.0
166,Amblema,plicata,198,D,"Altair, TX",Colorado,Colorado,29.595299°,-96.453229°,2019-10-03,99.0,Alive,13.0,1.0,12.0,13.0,16,16.0
167,Amblema,plicata,199,D,"Altair, TX",Colorado,Colorado,29.595299°,-96.453229°,2019-10-03,97.0,Alive,17.0,1.0,17.0,18.0,20,20.0
168,Amblema,plicata,200,D,"Altair, TX",Colorado,Colorado,29.595299°,-96.453229°,2019-10-03,107.0,Alive,20.0,1.0,20.0,19.0,22,22.0
169,Amblema,plicata,201,D,"Altair, TX",Colorado,Colorado,29.595299°,-96.453229°,2019-10-03,114.0,Alive,13.0,1.0,14.0,13.0,21,21.0
170,Amblema,plicata,202,D,"Altair, TX",Colorado,Colorado,29.595299°,-96.453229°,2019-10-03,106.0,Alive,24.0,3.0,23.0,20.0,26,26.0
171,Amblema,plicata,203,D,"Altair, TX",Colorado,Colorado,29.595299°,-96.453229°,2019-10-03,108.0,Alive,17.0,3.0,18.0,15.0,18,18.0
172,Amblema,plicata,204,D,"Altair, TX",Colorado,Colorado,29.595299°,-96.453229°,2019-10-03,93.0,Alive,21.0,1.0,22.0,21.0,23,23.0
173,Amblema,plicata,205,D,"Altair, TX",Colorado,Colorado,29.595299°,-96.453229°,2019-10-03,96.0,Alive,13.0,2.0,13.0,15.0,17,17.0
174,Amblema,plicata,206,D,"Altair, TX",Colorado,Colorado,29.595299°,-96.453229°,2019-10-03,101.0,Alive,12.0,2.0,11.0,13.0,19,19.0
175,Amblema,plicata,207,D,"Altair, TX",Colorado,Colorado,29.595299°,-96.453229°,2019-10-03,93.0,Alive,10.0,1.0,10.0,11.0,13,13.0
176,Amblema,plicata,208,D,"Altair, TX",Colorado,Colorado,29.595299°,-96.453229°,2019-10-03,99.0,Alive,17.0,2.0,16.0,14.0,17,17.0
177,Amblema,plicata,209,D,"Altair, TX",Colorado,Colorado,29.595299°,-96.453229°,2019-10-03,92.0,Alive,19.0,1.0,18.0,19.0,25,25.0
178,Amblema,plicata,210,D,"Altair, TX",Colorado,Colorado,29.595299°,-96.453229°,2019-10-03,96.0,Alive,15.0,,15.0,15.0,19,19.0
179,Amblema,plicata,211,D,"Altair, TX",Colorado,Colorado,29.595299°,-96.453229°,2019-10-03,101.0,Alive,15.0,1.0,15.0,16.0,22,22.0
181,Amblema,plicata,213,D,"Altair, TX",Colorado,Colorado,29.595299°,-96.453229°,2019-10-03,100.0,Alive,11.0,2.0,12.0,14.0,21,21.0
182,Amblema,plicata,214,D,"Altair, TX",Colorado,Colorado,29.595299°,-96.453229°,2019-10-03,105.0,Alive,16.0,1.0,16.0,17.0,17,17.0
183,Amblema,plicata,215,D,"Altair, TX",Colorado,Colorado,29.595299°,-96.453229°,2019-10-03,103.0,Alive,14.0,2.0,14.0,16.0,20,20.0
184,Amblema,plicata,216,D,"Altair, TX",Colorado,Colorado,29.595299°,-96.453229°,2019-10-03,97.0,Alive,15.0,2.0,16.0,14.0,18,18.0
185,Amblema,plicata,217,D,"Altair, TX",Colorado,Colorado,29.595299°,-96.453229°,2019-10-03,104.0,Alive,20.0,1.0,20.0,19.0,20,20.0
186,Amblema,plicata,218,D,"Altair, TX",Colorado,Colorado,29.595299°,-96.453229°,2019-10-03,103.0,Alive,28.0,1.0,26.0,27.0,21,24.0
187,Amblema,plicata,219,D,"Altair, TX",Colorado,Colorado,29.595299°,-96.453229°,2019-10-03,91.0,Alive,9.0,2.0,10.0,12.0,19,19.0
188,Amblema,plicata,220,D,"Altair, TX",Colorado,Colorado,29.595299°,-96.453229°,2019-10-03,105.0,Alive,15.0,1.0,15.0,14.0,14,18.0
189,Amblema,plicata,221,D,"Altair, TX",Colorado,Colorado,29.595299°,-96.453229°,2019-10-03,110.0,Alive,18.0,1.0,18.0,19.0,17,17.0
190,Amblema,plicata,222,D,"Altair, TX",Colorado,Colorado,29.595299°,-96.453229°,2019-10-03,109.0,Alive,18.0,,18.0,18.0,17,17.0
191,Amblema,plicata,223,D,"Altair, TX",Colorado,Colorado,29.595299°,-96.453229°,2019-10-03,99.0,Alive,14.0,2.0,13.0,15.0,18,18.0
192,Amblema,plicata,224,D,"Altair, TX",Colorado,Colorado,29.595299°,-96.453229°,2019-10-03,99.0,Alive,13.0,,13.0,13.0,14,14.0
193,Amblema,plicata,225,D,"Altair, TX",Colorado,Colorado,29.595299°,-96.453229°,2019-10-03,90.0,Alive,17.0,2.0,18.0,16.0,22,19.0
194,Amblema,plicata,226,D,"Altair, TX",Colorado,Colorado,29.595299°,-96.453229°,2019-10-03,99.0,Alive,14.0,1.0,13.0,14.0,20,20.0
195,Amblema,plicata,227,D,"Altair, TX",Colorado,Colorado,29.595299°,-96.453229°,2019-10-03,98.0,Alive,16.0,1.0,15.0,16.0,19,19.0
196,Amblema,plicata,228,D,"Altair, TX",Colorado,Colorado,29.595299°,-96.453229°,2019-10-03,102.0,Alive,21.0,1.0,22.0,21.0,23,18.0
197,Amblema,plicata,229,D,"Altair, TX",Colorado,Colorado,29.595299°,-96.453229°,2019-10-03,90.0,Alive,11.0,1.0,12.0,11.0,18,9.0
198,Amblema,plicata,232,D,"Altair, TX",Colorado,Colorado,29.595299°,-96.453229°,2019-10-03,101.0,Alive,16.0,2.0,16.0,18.0,17,15.0
199,Amblema,plicata,233,D,"Altair, TX",Colorado,Colorado,29.595299°,-96.453229°,2019-10-03,95.0,Alive,14.0,1.0,14.0,15.0,15,14.0
200,Amblema,plicata,234,D,"Altair, TX",Colorado,Colorado,29.595299°,-96.453229°,2019-10-03,105.0,Alive,17.0,,17.0,17.0,18,18.0
201,Amblema,plicata,235,D,"Altair, TX",Colorado,Colorado,29.595299°,-96.453229°,2019-10-03,79.0,Alive,17.0,1.0,17.0,18.0,18,17.0
202,Amblema,plicata,236,D,"Altair, TX",Colorado,Colorado,29.595299°,-96.453229°,2019-10-03,73.0,Alive,12.0,2.0,12.0,14.0,14,14.0
203,Amblema,plicata,237,D,"Altair, TX",Colorado,Colorado,29.595299°,-96.453229°,2019-10-03,77.0,Alive,10.0,1.0,9.0,10.0,13,12.0
204,Amblema,plicata,238,D,"Altair, TX",Colorado,Colorado,29.595299°,-96.453229°,2019-10-03,99.0,Alive,9.0,,9.0,9.0,12,12.0
205,Amblema,plicata,239,D,"Altair, TX",Colorado,Colorado,29.595299°,-96.453229°,2019-10-03,108.0,Alive,17.0,,17.0,17.0,17,17.0
206,Amblema,plicata,240,D,"Altair, TX",Colorado,Colorado,29.595299°,-96.453229°,2019-10-03,104.0,Alive,20.0,,20.0,20.0,21,21.0
207,Amblema,plicata,241,D,"Altair, TX",Colorado,Colorado,29.595299°,-96.453229°,2019-10-03,108.0,Alive,16.0,1.0,16.0,17.0,17,17.0
208,Amblema,plicata,242,D,"Altair, TX",Colorado,Colorado,29.595299°,-96.453229°,2019-10-03,97.0,Alive,20.0,1.0,21.0,20.0,22,22.0
209,Amblema,plicata,243,D,"Altair, TX",Colorado,Colorado,29.595299°,-96.453229°,2019-10-03,106.0,Alive,16.0,,16.0,16.0,17,16.0
210,Amblema,plicata,244,D,"Altair, TX",Colorado,Colorado,29.595299°,-96.453229°,2019-10-03,97.0,Alive,12.0,3.0,13.0,16.0,13,13.0
211,Amblema,plicata,245,D,"Altair, TX",Colorado,Colorado,29.595299°,-96.453229°,2019-10-03,91.0,Alive,12.0,3.0,15.0,12.0,18,18.0
212,Amblema,plicata,246,D,"Altair, TX",Colorado,Colorado,29.595299°,-96.453229°,2019-10-03,94.0,Alive,16.0,,16.0,16.0,16,16.0
213,Amblema,plicata,247,D,"Altair, TX",Colorado,Colorado,29.595299°,-96.453229°,2019-10-03,93.0,Alive,17.0,,17.0,17.0,22,22.0
215,Amblema,plicata,249,D,"Altair, TX",Colorado,Colorado,29.595299°,-96.453229°,2019-10-03,99.0,Alive,9.0,,9.0,9.0,19,19.0
216,Amblema,plicata,250,D,"Altair, TX",Colorado,Colorado,29.595299°,-96.453229°,2019-10-03,94.0,Alive,15.0,2.0,14.0,12.0,23,23.0
217,Amblema,plicata,251,D,"Altair, TX",Colorado,Colorado,29.595299°,-96.453229°,2019-10-03,88.0,Alive,11.0,2.0,11.0,13.0,17,17.0
218,Amblema,plicata,252,D,"Altair, TX",Colorado,Colorado,29.595299°,-96.453229°,2019-10-03,103.0,Alive,13.0,2.0,13.0,15.0,24,24.0
219,Amblema,plicata,253,D,"Altair, TX",Colorado,Colorado,29.595299°,-96.453229°,2019-10-03,98.0,Alive,21.0,1.0,22.0,21.0,21,21.0
220,Amblema,plicata,254,D,"Altair, TX",Colorado,Colorado,29.595299°,-96.453229°,2019-10-03,102.0,Alive,12.0,2.0,12.0,14.0,18,18.0
221,Amblema,plicata,255,D,"Altair, TX",Colorado,Colorado,29.595299°,-96.453229°,2019-10-03,90.0,Alive,23.0,1.0,23.0,22.0,24,16.0
222,Amblema,plicata,256,D,"Altair, TX",Colorado,Colorado,29.595299°,-96.453229°,2019-10-03,100.0,Alive,15.0,,15.0,15.0,14,14.0
223,Amblema,plicata,257,D,"Altair, TX",Colorado,Colorado,29.595299°,-96.453229°,2019-10-03,96.0,Alive,14.0,1.0,13.0,14.0,16,16.0
224,Amblema,plicata,258,D,"Altair, TX",Colorado,Colorado,29.595299°,-96.453229°,2019-10-03,106.0,Alive,13.0,,13.0,13.0,24,24.0
225,Amblema,plicata,259,D,"Altair, TX",Colorado,Colorado,29.595299°,-96.453229°,2019-10-03,86.0,Alive,16.0,,16.0,16.0,19,19.0
226,Amblema,plicata,260,D,"Altair, TX",Colorado,Colorado,29.595299°,-96.453229°,2019-10-03,100.0,Alive,18.0,1.0,17.0,18.0,18,18.0
227,Amblema,plicata,261,D,"Altair, TX",Colorado,Colorado,29.595299°,-96.453229°,2019-10-03,101.0,Alive,13.0,,13.0,13.0,14,14.0
228,Amblema,plicata,262,D,"Altair, TX",Colorado,Colorado,29.595299°,-96.453229°,2019-10-03,94.0,Alive,20.0,2.0,18.0,16.0,17,17.0
229,Amblema,plicata,263,D,"Altair, TX",Colorado,Colorado,29.595299°,-96.453229°,2019-10-03,102.0,Alive,10.0,2.0,10.0,12.0,19,19.0
230,Amblema,plicata,264,D,"Altair, TX",Colorado,Colorado,29.595299°,-96.453229°,2019-10-03,97.0,Alive,19.0,1.0,18.0,19.0,18,18.0
231,Amblema,plicata,265,D,"Altair, TX",Colorado,Colorado,29.595299°,-96.453229°,2019-10-03,95.0,Alive,13.0,1.0,13.0,14.0,17,17.0
232,Amblema,plicata,266,D,"Altair, TX",Colorado,Colorado,29.595299°,-96.453229°,2019-10-03,98.0,Alive,16.0,,16.0,16.0,20,20.0
233,Amblema,plicata,267,D,"Altair, TX",Colorado,Colorado,29.595299°,-96.453229°,2019-10-03,105.0,Alive,16.0,,16.0,16.0,15,15.0
234,Amblema,plicata,268,D,"Altair, TX",Colorado,Colorado,29.595299°,-96.453229°,2019-10-03,99.0,Alive,16.0,,16.0,16.0,20,20.0
235,Amblema,plicata,269,D,"Altair, TX",Colorado,Colorado,29.595299°,-96.453229°,2019-10-03,104.0,Alive,17.0,,17.0,17.0,20,20.0
236,Amblema,plicata,270,D,"Altair, TX",Colorado,Colorado,29.595299°,-96.453229°,2019-10-03,94.0,Alive,12.0,1.0,12.0,11.0,18,18.0
238,Amblema,plicata,273,D,"Altair, TX",Colorado,Colorado,29.595299°,-96.453229°,2019-10-03,98.0,Alive,15.0,,15.0,15.0,18,18.0
239,Amblema,plicata,274,D,"Altair, TX",Colorado,Colorado,29.595299°,-96.453229°,2019-10-03,96.0,Alive,13.0,1.0,13.0,14.0,20,20.0
240,Amblema,plicata,275,D,"Altair, TX",Colorado,Colorado,29.595299°,-96.453229°,2019-10-03,92.0,Alive,15.0,4.0,16.0,12.0,18,18.0
241,Amblema,plicata,277,D,"Navasota, TX",Brazos,Brazos,30.375269°,-96.166144°,2019-10-08,97.0,Alive,17.0,1.0,18.0,17.0,18,12.0
242,Amblema,plicata,278,D,"Navasota, TX",Brazos,Brazos,30.375269°,-96.166144°,2019-10-08,88.0,Alive,11.0,1.0,12.0,11.0,18,18.0
243,Amblema,plicata,279,D,"Navasota, TX",Brazos,Brazos,30.375269°,-96.166144°,2019-10-08,78.0,Alive,15.0,1.0,15.0,16.0,16,16.0
244,Amblema,plicata,280,D,"Navasota, TX",Brazos,Brazos,30.375269°,-96.166144°,2019-10-08,90.0,Alive,10.0,1.0,10.0,9.0,16,16.0
245,Amblema,plicata,281,D,"Navasota, TX",Brazos,Brazos,30.375269°,-96.166144°,2019-10-08,96.0,Alive,15.0,,15.0,15.0,17,13.0
246,Amblema,plicata,283,D,"Navasota, TX",Brazos,Brazos,30.375269°,-96.166144°,2019-10-08,87.0,Alive,17.0,,17.0,17.0,21,16.0
248,Amblema,plicata,285,D,"Navasota, TX",Brazos,Brazos,30.375269°,-96.166144°,2019-10-08,81.0,Alive,15.0,1.0,16.0,15.0,16,11.0
249,Amblema,plicata,286,D,"Navasota, TX",Brazos,Brazos,30.375269°,-96.166144°,2019-10-08,98.0,Alive,11.0,3.0,10.0,13.0,15,15.0
250,Amblema,plicata,287,D,"Navasota, TX",Brazos,Brazos,30.375269°,-96.166144°,2019-10-08,90.0,Alive,16.0,,16.0,16.0,15,13.0
251,Amblema,plicata,288,D,"Navasota, TX",Brazos,Brazos,30.375269°,-96.166144°,2019-10-08,100.0,Alive,15.0,1.0,15.0,16.0,16,16.0
252,Amblema,plicata,289,D,"Navasota, TX",Brazos,Brazos,30.375269°,-96.166144°,2019-10-08,83.0,Alive,11.0,1.0,12.0,11.0,17,17.0
253,Amblema,plicata,290,D,"Navasota, TX",Brazos,Brazos,30.375269°,-96.166144°,2019-10-08,90.0,Alive,13.0,,13.0,13.0,17,13.0
254,Amblema,plicata,291,D,"Navasota, TX",Brazos,Brazos,30.375269°,-96.166144°,2019-10-08,104.0,Alive,11.0,1.0,14.0,15.0,20,14.0
255,Amblema,plicata,292,D,"Navasota, TX",Brazos,Brazos,30.375269°,-96.166144°,2019-10-08,97.0,Alive,12.0,,12.0,12.0,18,13.0
256,Amblema,plicata,293,D,"Navasota, TX",Brazos,Brazos,30.375269°,-96.166144°,2019-10-08,96.0,Alive,14.0,,14.0,14.0,19,19.0
257,Amblema,plicata,294,D,"Navasota, TX",Brazos,Brazos,30.375269°,-96.166144°,2019-10-08,99.0,Alive,12.0,,12.0,12.0,15,15.0
258,Amblema,plicata,295,D,"Navasota, TX",Brazos,Brazos,30.375269°,-96.166144°,2019-10-08,86.0,Alive,18.0,,18.0,18.0,20,15.0
271,Amblema,plicata,310,D,"Victoria, TX",Guadalupe,Guadalupe,28.832985°,-97.064802°,2019-09-04,95.0,Alive,12.0,1.0,12.0,11.0,16,5.0
272,Amblema,plicata,311,D,"Victoria, TX",Guadalupe,Guadalupe,28.832985°,-97.064802°,2019-09-04,90.0,Alive,15.0,1.0,14.0,15.0,14,14.0
273,Amblema,plicata,312,D,"Victoria, TX",Guadalupe,Guadalupe,28.832985°,-97.064802°,2019-09-04,95.0,Alive,15.0,2.0,15.0,17.0,11,11.0
274,Amblema,plicata,313,D,"Victoria, TX",Guadalupe,Guadalupe,28.832985°,-97.064802°,2019-09-04,85.0,Alive,9.0,,9.0,9.0,19,15.0
275,Amblema,plicata,314,D,"Victoria, TX",Guadalupe,Guadalupe,28.832985°,-97.064802°,2019-09-04,79.0,Alive,13.0,3.0,13.0,16.0,16,16.0
276,Amblema,plicata,315,D,"Victoria, TX",Guadalupe,Guadalupe,28.832985°,-97.064802°,2019-09-04,99.0,Alive,14.0,,14.0,14.0,14,15.0
277,Amblema,plicata,316,D,"Victoria, TX",Guadalupe,Guadalupe,28.832985°,-97.064802°,2019-09-04,96.0,Alive,15.0,1.0,15.0,16.0,17,17.0
278,Amblema,plicata,317,D,"Victoria, TX",Guadalupe,Guadalupe,28.832985°,-97.064802°,2019-09-04,90.0,Alive,15.0,1.0,15.0,16.0,17,17.0
279,Amblema,plicata,319,D,"Victoria, TX",Guadalupe,Guadalupe,28.832985°,-97.064802°,2019-09-04,88.0,Alive,16.0,1.0,16.0,17.0,22,10.0
280,Amblema,plicata,320,D,"Victoria, TX",Guadalupe,Guadalupe,28.832985°,-97.064802°,2019-09-04,85.0,Alive,16.0,1.0,15.0,16.0,17,13.0
281,Amblema,plicata,321,D,"Victoria, TX",Guadalupe,Guadalupe,28.832985°,-97.064802°,2019-09-04,96.0,Alive,13.0,1.0,14.0,13.0,13,13.0
282,Amblema,plicata,322,D,"Victoria, TX",Guadalupe,Guadalupe,28.832985°,-97.064802°,2019-09-04,85.0,Alive,14.0,1.0,15.0,14.0,15,10.0
283,Amblema,plicata,323,D,"Victoria, TX",Guadalupe,Guadalupe,28.832985°,-97.064802°,2019-09-04,105.0,Alive,20.0,,20.0,20.0,14,14.0
284,Amblema,plicata,324,D,"Victoria, TX",Guadalupe,Guadalupe,28.832985°,-97.064802°,2019-09-04,73.0,Alive,9.0,2.0,10.0,12.0,13,13.0
285,Amblema,plicata,325,D,"Victoria, TX",Guadalupe,Guadalupe,28.832985°,-97.064802°,2019-09-04,96.0,Alive,15.0,1.0,15.0,14.0,15,15.0
286,Amblema,plicata,326,D,"Victoria, TX",Guadalupe,Guadalupe,28.832985°,-97.064802°,2019-09-04,87.0,Alive,12.0,1.0,12.0,13.0,12,12.0
287,Amblema,plicata,327,D,"Victoria, TX",Guadalupe,Guadalupe,28.832985°,-97.064802°,2019-09-04,73.0,Alive,11.0,1.0,11.0,12.0,11,11.0
288,Amblema,plicata,328,D,"Victoria, TX",Guadalupe,Guadalupe,28.832985°,-97.064802°,2019-09-04,63.0,Alive,8.0,2.0,8.0,10.0,12,12.0
289,Amblema,plicata,329,D,"Victoria, TX",Guadalupe,Guadalupe,28.832985°,-97.064802°,2019-09-04,69.0,Alive,10.0,1.0,11.0,10.0,11,11.0
290,Amblema,plicata,330,D,"Victoria, TX",Guadalupe,Guadalupe,28.832985°,-97.064802°,2019-09-04,67.0,Alive,10.0,2.0,9.0,11.0,10,9.0
291,Amblema,plicata,332,D,"Victoria, TX",Guadalupe,Guadalupe,28.832985°,-97.064802°,2019-09-04,91.0,Alive,10.0,,10.0,10.0,11,11.0
292,Amblema,plicata,333,D,"Victoria, TX",Guadalupe,Guadalupe,28.832985°,-97.064802°,2019-09-04,76.0,Alive,10.0,1.0,11.0,10.0,11,11.0
